Model_Type,Class_ID,Class_Name,mAP50,mAP50-95
YOLO,0,Caption,0.9341,0.8542
YOLO,1,Footnote,0.6656,0.5134
YOLO,2,Formula,0.9171,0.6619
YOLO,3,List-item,0.9278,0.8501
YOLO,4,Page-footer,0.9886,0.7615
YOLO,5,Page-header,0.9671,0.7493
YOLO,6,Picture,0.9516,0.9267
YOLO,7,Section-header,0.9529,0.8391
YOLO,8,Table,0.9888,0.9476
YOLO,9,Text,0.9573,0.8775
YOLO,10,Title,0.9169,0.8083
RT-DETR,0,Caption,0.9665,0.9047
RT-DETR,1,Footnote,0.8097,0.6327
RT-DETR,2,Formula,0.9354,0.6623
RT-DETR,3,List-item,0.9641,0.9036
RT-DETR,4,Page-footer,0.9887,0.7486
RT-DETR,5,Page-header,0.9793,0.7633
RT-DETR,6,Picture,0.9616,0.9347
RT-DETR,7,Section-header,0.9845,0.8761
RT-DETR,8,Table,0.9875,0.9668
RT-DETR,9,Text,0.9746,0.9009
RT-DETR,10,Title,0.995,0.9363
