epoch,time,train/giou_loss,train/cls_loss,train/l1_loss,metrics/precision(B),metrics/recall(B),metrics/mAP50(B),metrics/mAP50-95(B),val/giou_loss,val/cls_loss,val/l1_loss,lr/pg0,lr/pg1,lr/pg2
1,403.002,0.72141,1.63324,0.4055,0.7996,0.69954,0.74319,0.57031,0.28399,0.50633,0.06995,0.000221623,0.000221623,0.000221623
2,802.146,0.28884,0.45553,0.07184,0.82961,0.84994,0.87873,0.71226,0.22722,0.38765,0.05215,0.000400005,0.000400005,0.000400005
3,1196.93,0.24781,0.37687,0.05688,0.89285,0.87099,0.90813,0.7678,0.20088,0.36355,0.04652,0.000534364,0.000534364,0.000534364
4,1588.79,0.23792,0.34753,0.05729,0.90349,0.90264,0.92978,0.78799,0.18619,0.32545,0.03836,0.000468901,0.000468901,0.000468901
5,1985.78,0.21935,0.32295,0.05038,0.91358,0.89797,0.93109,0.78867,0.18432,0.3184,0.03888,0.000402868,0.000402868,0.000402868
6,2378.81,0.21088,0.30861,0.04827,0.90442,0.89032,0.91289,0.77179,0.1875,0.3181,0.03819,0.000336835,0.000336835,0.000336835
7,2767.54,0.20096,0.29626,0.04321,0.93681,0.91033,0.9407,0.80381,0.17229,0.28856,0.03533,0.000270802,0.000270802,0.000270802
8,3158.06,0.19413,0.28503,0.04144,0.9398,0.91865,0.95055,0.82938,0.16598,0.28895,0.03402,0.000204769,0.000204769,0.000204769
9,3549.59,0.1877,0.27808,0.0404,0.94173,0.92394,0.94766,0.82118,0.16554,0.27938,0.03405,0.000138736,0.000138736,0.000138736
10,3937.19,0.18202,0.26735,0.03794,0.95035,0.93536,0.95207,0.8325,0.15661,0.2731,0.03212,7.2703e-05,7.2703e-05,7.2703e-05
